subject,sessionIndex,rep,H.period,DD.period.t,UD.period.t,H.t,DD.t.i,UD.t.i,H.i,DD.i.e,UD.i.e,H.e,DD.e.five,UD.e.five,H.five,DD.five.Shift.r,UD.five.Shift.r,H.Shift.r,DD.Shift.r.o,UD.Shift.r.o,H.o,DD.o.a,UD.o.a,H.a,DD.a.n,UD.a.n,H.n,DD.n.l,UD.n.l,H.l,DD.l.Return,UD.l.Return,H.Return
s060,1,0,0.10227370262145996,0.5305840969085693,0.4283103942871094,0.08307647705078125,0.5113868713378906,0.10909748077392578,0.10070943832397461,0.11893796920776367,0.018228530883789062,0.0894157886505127,1.961643934249878,1.8722281455993652,0.0947566032409668,0.3325049877166748,0.237748384475708,0.29392170906066895,0.5073864459991455,0.21346473693847656,0.1013331413269043,0.10337114334106445,0.0020380020141601562,0.09480953216552734,0.11304354667663574,0.0182340145111084,0.09102749824523926,0.2566554546356201,0.16562795639038086,0.13280797004699707,0.3717513084411621,0.23894333839416504,0.07255768775939941
s060,1,1,0.10034871101379395,0.2051401138305664,0.10479140281677246,0.09939384460449219,0.20418524742126465,0.12029361724853516,0.08222603797912598,0.11730480194091797,0.03507876396179199,0.13128185272216797,0.6021387577056885,0.4708569049835205,0.10029315948486328,0.3173224925994873,0.21702933311462402,0.23740506172180176,0.60494065284729,0.3675355911254883,0.10193872451782227,0.11221075057983398,0.010272026062011719,0.0887458324432373,0.11078333854675293,0.022037506103515625,0.09451079368591309,0.423114538192749,0.32860374450683594,0.09110426902770996,0.27338385581970215,0.1822795867919922,0.07957720756530762
s060,1,2,0.11484646797180176,0.2096550464630127,0.09480857849121094,0.10030627250671387,0.11685609817504883,0.01654982566833496,0.0923614501953125,0.12891435623168945,0.03655290603637695,0.08475589752197266,1.6623268127441406,1.577570915222168,0.09053802490234375,0.26238179206848145,0.1718437671661377,0.19832849502563477,0.26123619079589844,0.06290769577026367,0.10477185249328613,0.10477185249328613,0.0,0.1239016056060791,0.1239016056060791,0.0,0.10023021697998047,0.19075655937194824,0.09052634239196777,0.12412357330322266,0.2417449951171875,0.11762142181396484,0.07963299751281738
s060,1,3,0.10094022750854492,0.242567777633667,0.14162755012512207,0.09950828552246094,0.13167643547058105,0.03216814994812012,0.07785701751708984,0.10909724235534668,0.031240224838256836,0.10223388671875,0.7236588001251221,0.6214249134063721,0.08559179306030273,0.29329895973205566,0.20770716667175293,0.17926549911499023,0.2842419147491455,0.10497641563415527,0.08429980278015137,0.18927621841430664,0.11180758476257324,0.10316634178161621,0.1355574131011963,0.03239107131958008,0.09656119346618652,0.16103053092956543,0.0644693374633789,0.09840059280395508,0.1852130889892578,0.08681249618530273,0.08176422119140625
s060,1,4,0.09390807151794434,0.259319543838501,0.16541147232055664,0.07382678985595703,0.23923826217651367,0.0882101058959961,0.09817767143249512,0.13008975982666016,0.03191208839416504,0.12477374076843262,0.6483867168426514,0.5236129760742188,0.09998130798339844,0.2893359661102295,0.18935465812683105,0.19421982765197754,0.2572495937347412,0.06302976608276367,0.1219339370727539,0.13335824012756348,0.01142430305480957,0.10135865211486816,0.10536003112792969,0.0040013790130615234,0.10106492042541504,0.15177297592163086,0.05070805549621582,0.13956308364868164,0.2546699047088623,0.11510682106018066,0.08916401863098145
s060,1,5,0.10589313507080078,0.22723650932312012,0.12134337425231934,0.09450006484985352,0.1564178466796875,0.061917781829833984,0.08478784561157227,0.14670562744140625,0.09974431991577148,0.12304306030273438,0.6455371379852295,0.5224940776824951,0.10059666633605957,0.2856907844543457,0.18509411811828613,0.22204041481018066,0.24804425239562988,0.02600383758544922,0.11357283592224121,0.13045048713684082,0.01687765121459961,0.11236906051635742,0.12541961669921875,0.013050556182861328,0.09898138046264648,0.39381980895996094,0.29483842849731445,0.09136557579040527,0.244171142578125,0.15280556678771973,0.09220051765441895
s060,1,6,0.08920550346374512,0.23212742805480957,0.14292192459106445,0.09848165512084961,0.09999632835388184,0.0015146732330322266,0.07454156875610352,0.08289074897766113,0.008349180221557617,0.10821986198425293,0.6141006946563721,0.5058808326721191,0.09052681922912598,0.24758148193359375,0.15705466270446777,0.21721363067626953,0.25797057151794434,0.040756940841674805,0.10234212875366211,0.1119241714477539,0.009582042694091797,0.10201168060302734,0.12048983573913574,0.0184781551361084,0.0799112319946289,0.13737988471984863,0.05746865272521973,0.105682373046875,0.179473876953125,0.07379150390625,0.08064842224121094
s060,1,7,0.09937548637390137,0.24143242835998535,0.14205694198608398,0.08834624290466309,0.23040318489074707,0.11297821998596191,0.0873878002166748,0.10919904708862305,0.021811246871948242,0.12254619598388672,0.5679805278778076,0.4454343318939209,0.08870553970336914,0.2781045436859131,0.18939900398254395,0.20662999153137207,0.2867615222930908,0.08013153076171875,0.10307097434997559,0.1670229434967041,0.06395196914672852,0.03710460662841797,0.10154199600219727,0.0644373893737793,0.08661627769470215,0.4031956195831299,0.31657934188842773,0.054961204528808594,0.3405649662017822,0.28560376167297363,0.09698915481567383
s060,1,8,0.07702207565307617,0.21937012672424316,0.142348051071167,0.09974932670593262,0.11249470710754395,0.012745380401611328,0.07348442077636719,0.11694669723510742,0.043462276458740234,0.0910029411315918,0.6684236526489258,0.577420711517334,0.11596965789794922,0.2828705310821533,0.1669008731842041,0.2149364948272705,0.22093701362609863,0.006000518798828125,0.10522294044494629,0.11626076698303223,0.011037826538085938,0.1070551872253418,0.11809301376342773,0.12566876411437988,0.12624549865722656,0.16307854652404785,0.03683304786682129,0.10138916969299316,0.16539525985717773,0.06400609016418457,0.11122679710388184
s060,1,9,0.09528946876525879,0.23685169219970703,0.14156222343444824,0.0997774600982666,0.15221333503723145,0.052435874938964844,0.05405569076538086,0.06396627426147461,0.00991058349609375,0.1356062889099121,0.620720386505127,0.48511409759521484,0.0989837646484375,0.26598334312438965,0.16699957847595215,0.2165236473083496,0.2473134994506836,0.030789852142333984,0.09322929382324219,0.138045072555542,0.044815778732299805,0.052420616149902344,0.115753173828125,0.06333255767822266,0.09827756881713867,0.26671719551086426,0.16843962669372559,0.11725902557373047,0.2124183177947998,0.09515929222106934,0.10145902633666992
s060,1,10,0.09377074241638184,0.2235414981842041,0.12977075576782227,0.0919797420501709,0.10369992256164551,0.01172018051147461,0.07194685935974121,0.10475540161132812,0.032808542251586914,0.09377050399780273,0.756427526473999,0.6626570224761963,0.10280561447143555,0.2532052993774414,0.15039968490600586,0.18553447723388672,0.2246384620666504,0.03910398483276367,0.10407185554504395,0.14317584037780762,0.11990022659301758,0.10333919525146484,0.12052106857299805,0.017181873321533203,0.10927844047546387,0.20132184028625488,0.09204339981079102,0.10899209976196289,0.1818408966064453,0.07284879684448242,0.09076380729675293
s060,1,11,0.09000778198242188,0.24374938011169434,0.15374159812927246,0.10320091247558594,0.14070630073547363,0.037505388259887695,0.10485434532165527,0.10685205459594727,0.001997709274291992,0.08608388900756836,0.4289970397949219,0.3429131507873535,0.09173727035522461,0.3100128173828125,0.2182755470275879,0.19455289840698242,0.24295949935913086,0.04840660095214844,0.07747340202331543,0.12588000297546387,0.09345102310180664,0.10233473777770996,0.1694483757019043,0.06711363792419434,0.04331493377685547,0.3666377067565918,0.32332277297973633,0.0891261100769043,0.21915006637573242,0.13002395629882812,0.0856776237487793
s060,1,12,0.10692405700683594,0.21826386451721191,0.11133980751037598,0.0917201042175293,0.13064002990722656,0.038919925689697266,0.0652766227722168,0.0959634780883789,0.03068685531616211,0.08924412727355957,0.669924259185791,0.5806801319122314,0.09413576126098633,0.2704300880432129,0.17629432678222656,0.14948415756225586,0.1829664707183838,0.03348231315612793,0.09132862091064453,0.12481093406677246,0.13100385665893555,0.13574433326721191,0.14629244804382324,0.010548114776611328,0.08518576622009277,0.11797285079956055,0.03278708457946777,0.11654067039489746,0.14685273170471191,0.030312061309814453,0.1270751953125
s060,1,13,0.08799934387207031,0.20469021797180176,0.11669087409973145,0.12126851081848145,0.12924408912658691,0.007975578308105469,0.10324621200561523,0.11977362632751465,0.016527414321899414,0.10814547538757324,0.5386710166931152,0.430525541305542,0.09987759590148926,0.277620792388916,0.17774319648742676,0.20894789695739746,0.35182714462280273,0.14287924766540527,0.07361149787902832,0.2164907455444336,0.10157227516174316,0.11629438400268555,0.18605852127075195,0.0697641372680664,0.09129071235656738,0.11862897872924805,0.027338266372680664,0.12568330764770508,0.2163257598876953,0.09064245223999023,0.10128235816955566
s060,1,14,0.09306478500366211,0.21382927894592285,0.12076449394226074,0.10462546348571777,0.11923360824584961,0.014608144760131836,0.08230185508728027,0.09176945686340332,0.009467601776123047,0.11330318450927734,0.7763748168945312,0.6630716323852539,0.1016395092010498,0.2631981372833252,0.1615586280822754,0.17215394973754883,0.40909886360168457,0.23694491386413574,0.09520769119262695,0.3321526050567627,0.10918521881103516,0.09885525703430176,0.19326114654541016,0.0944058895111084,0.09158992767333984,0.3020591735839844,0.21046924591064453,0.10625958442687988,0.15360093116760254,0.047341346740722656,0.09067702293395996
s060,1,15,0.08882665634155273,0.23546266555786133,0.1466360092163086,0.08995199203491211,0.6848607063293457,0.5949087142944336,0.10534501075744629,0.13553905487060547,0.03019404411315918,0.1252765655517578,0.41847658157348633,0.2932000160217285,0.10094046592712402,0.22887969017028809,0.12793922424316406,0.17623090744018555,0.24151945114135742,0.06528854370117188,0.0835123062133789,0.14880084991455078,0.11135053634643555,0.10920190811157227,0.13917946815490723,0.02997756004333496,0.09825730323791504,0.15503144264221191,0.056774139404296875,0.09859037399291992,0.1507434844970703,0.05215311050415039,0.10145926475524902
s060,1,16,0.1065974235534668,0.6312997341156006,0.5247023105621338,0.1013329029083252,0.626035213470459,0.11886954307556152,0.08552980422973633,0.08753275871276855,0.0020029544830322266,0.08803129196166992,1.1408896446228027,1.0528583526611328,0.10601687431335449,0.3132972717285156,0.20728039741516113,0.1967320442199707,0.6883578300476074,0.4916257858276367,0.06311798095703125,0.554743766784668,0.1020653247833252,0.10382938385009766,0.1360182762145996,0.03218889236450195,0.09024429321289062,0.13378334045410156,0.04353904724121094,0.09698772430419922,0.2542860507965088,0.15729832649230957,0.0749826431274414
s060,1,17,0.0874636173248291,0.2397463321685791,0.15228271484375,0.08533453941345215,0.10790681838989258,0.02257227897644043,0.06587815284729004,0.1116325855255127,0.045754432678222656,0.08020687103271484,0.5874898433685303,0.5072829723358154,0.07832789421081543,0.24905896186828613,0.1707310676574707,0.21979808807373047,0.25490736961364746,0.03510928153991699,0.11164736747741699,0.11164736747741699,0.0,0.08279633522033691,0.092559814453125,0.009763479232788086,0.10814452171325684,0.23560786247253418,0.12746334075927734,0.11602163314819336,0.37027931213378906,0.2542576789855957,0.11461257934570312
s060,1,18,0.10831332206726074,0.20281982421875,0.09450650215148926,0.10796856880187988,0.1386568546295166,0.03068828582763672,0.07677841186523438,0.10055160522460938,0.023773193359375,0.11626148223876953,0.24220514297485352,0.12594366073608398,0.09697699546813965,0.25562477111816406,0.15864777565002441,0.18162322044372559,0.24854683876037598,0.06692361831665039,0.07823443412780762,0.145158052444458,0.11514949798583984,0.1352221965789795,0.1372356414794922,0.0020134449005126953,0.10817432403564453,0.12385225296020508,0.015677928924560547,0.10269713401794434,0.11968493461608887,0.01698780059814453,0.11972355842590332
s060,1,19,0.09019351005554199,0.2633240222930908,0.17313051223754883,0.09976720809936523,0.30144214630126953,0.2016749382019043,0.10258340835571289,0.16954946517944336,0.06696605682373047,0.0897514820098877,0.5952489376068115,0.5054974555969238,0.09016633033752441,0.31693482398986816,0.22676849365234375,0.23259425163269043,0.29621458053588867,0.06362032890319824,0.11277461051940918,0.17639493942260742,0.12618350982666016,0.13669228553771973,0.13999533653259277,0.003303050994873047,0.14018726348876953,0.1777784824371338,0.03759121894836426,0.12240958213806152,0.13964462280273438,0.01723504066467285,0.07069945335388184
s060,1,20,0.10247969627380371,0.19543147087097168,0.09295177459716797,0.12297558784484863,0.13297343254089355,0.009997844696044922,0.09001636505126953,0.09778761863708496,0.00777125358581543,0.12178611755371094,1.5652573108673096,1.4434711933135986,0.08757829666137695,0.3745579719543457,0.28697967529296875,0.30066442489624023,0.8689572811126709,0.5682928562164307,0.09108901023864746,0.6593818664550781,0.1056065559387207,0.10758686065673828,0.14785337448120117,0.04026651382446289,0.10944318771362305,0.5550620555877686,0.4456188678741455,0.09657931327819824,0.12500596046447754,0.028426647186279297,0.09684133529663086
s060,1,21,0.1019594669342041,0.19132089614868164,0.08936142921447754,0.10146713256835938,0.12095022201538086,0.019483089447021484,0.0649561882019043,0.07457995414733887,0.00962376594543457,0.08992624282836914,0.6787919998168945,0.5888657569885254,0.09117698669433594,0.19557762145996094,0.104400634765625,0.24622631072998047,0.29807496070861816,0.051848649978637695,0.11738252639770508,0.14371657371520996,0.026334047317504883,0.11421418190002441,0.1405482292175293,0.12444758415222168,0.13181424140930176,0.46678829193115234,0.3349740505218506,0.07689642906188965,0.16977977752685547,0.09288334846496582,0.1104288101196289
s060,1,22,0.09279060363769531,0.20360326766967773,0.11081266403198242,0.0926823616027832,0.10265660285949707,0.009974241256713867,0.07612133026123047,0.08529138565063477,0.009170055389404297,0.11455154418945312,0.597865104675293,0.48331356048583984,0.11017322540283203,0.25414037704467773,0.1439671516418457,0.19728732109069824,0.23434185981750488,0.03705453872680664,0.09769701957702637,0.134751558303833,0.1226813793182373,0.12219381332397461,0.09720945358276367,0.14319586753845215,0.1073293685913086,0.15273356437683105,0.04540419578552246,0.11142086982727051,0.17280244827270508,0.06138157844543457,0.06443142890930176
s060,1,23,0.09777140617370605,0.2264246940612793,0.12865328788757324,0.08855128288269043,0.12253999710083008,0.03398871421813965,0.0948486328125,0.10051298141479492,0.005664348602294922,0.09731411933898926,0.6595818996429443,0.5622677803039551,0.10355234146118164,0.2819671630859375,0.17841482162475586,0.21283626556396484,0.331528902053833,0.11869263648986816,0.1302783489227295,0.22434520721435547,0.09406685829162598,0.1279282569885254,0.216141939163208,0.08821368217468262,0.11121821403503418,0.3137476444244385,0.2025294303894043,0.09762072563171387,0.26468682289123535,0.16706609725952148,0.0760488510131836
s060,1,24,0.09809732437133789,0.19067931175231934,0.09258198738098145,0.10030770301818848,0.13190507888793945,0.03159737586975098,0.08801746368408203,0.09204268455505371,0.00402522087097168,0.08281469345092773,0.88458251953125,0.8017678260803223,0.10096406936645508,0.320601224899292,0.21963715553283691,0.27935075759887695,1.030580997467041,0.7512302398681641,0.11036181449890137,0.12230491638183594,0.01194310188293457,0.10242605209350586,0.11244821548461914,0.010022163391113281,0.0744328498840332,0.27107954025268555,0.19664669036865234,0.08412885665893555,0.13862252235412598,0.05449366569519043,0.10177040100097656
s060,1,25,0.09980249404907227,0.13724303245544434,0.03744053840637207,0.10326075553894043,0.17736291885375977,0.07410216331481934,0.07105326652526855,0.08011722564697266,0.009063959121704102,0.09907937049865723,0.582094669342041,0.4830152988433838,0.10567927360534668,0.29791831970214844,0.19223904609680176,0.27492213249206543,0.8781018257141113,0.6031796932220459,0.08427143096923828,0.6874511241912842,0.11908125877380371,0.10260152816772461,0.06779170036315918,0.12543797492980957,0.09521031379699707,0.190077543258667,0.09486722946166992,0.13020944595336914,0.13409757614135742,0.0038881301879882812,0.09523129463195801
s060,1,26,0.08787035942077637,0.21734166145324707,0.1294713020324707,0.09036111831665039,0.15262722969055176,0.06226611137390137,0.07605719566345215,0.08515739440917969,0.009100198745727539,0.07608413696289062,0.5976400375366211,0.5215559005737305,0.11164450645446777,0.2744021415710449,0.16275763511657715,0.2647254467010498,0.32688355445861816,0.06215810775756836,0.10556268692016602,0.16772079467773438,0.12256455421447754,0.11582636833190918,0.09882450103759766,0.12778425216674805,0.11150598526000977,0.1623692512512207,0.05086326599121094,0.09094882011413574,0.1413877010345459,0.050438880920410156,0.07822704315185547
s060,1,27,0.11182284355163574,0.19666385650634766,0.08484101295471191,0.08876514434814453,0.10451650619506836,0.015751361846923828,0.09074783325195312,0.11968564987182617,0.028937816619873047,0.08498048782348633,0.24753475189208984,0.16255426406860352,0.10043478012084961,0.23923945426940918,0.13880467414855957,0.27028489112854004,0.28728795051574707,0.01700305938720703,0.1074519157409668,0.1301872730255127,0.0227353572845459,0.11208724975585938,0.12813973426818848,0.0160524845123291,0.083648681640625,0.12758946418762207,0.04394078254699707,0.12235116958618164,0.1354961395263672,0.013144969940185547,0.11237263679504395
s060,1,28,0.09785985946655273,1.2889297008514404,1.1910698413848877,0.08172607421875,0.0834507942199707,0.0017247200012207031,0.07807183265686035,0.0815439224243164,0.0034720897674560547,0.10765933990478516,0.34020090103149414,0.23254156112670898,0.10582470893859863,0.26260876655578613,0.1567840576171875,0.21106338500976562,0.22506070137023926,0.013997316360473633,0.12209510803222656,0.1582498550415039,0.036154747009277344,0.09457898139953613,0.1399848461151123,0.04540586471557617,0.11155915260314941,0.1639091968536377,0.05235004425048828,0.09627008438110352,0.1949007511138916,0.09863066673278809,0.12150216102600098
s060,1,29,0.10226702690124512,0.5748062133789062,0.47253918647766113,0.07045841217041016,0.5429975986480713,0.0864572525024414,0.09938597679138184,0.1101388931274414,0.01075291633605957,0.11049389839172363,0.2955954074859619,0.18510150909423828,0.10003113746643066,0.28438329696655273,0.18435215950012207,0.21656394004821777,0.27150893211364746,0.05494499206542969,0.12833428382873535,0.1585555076599121,0.030221223831176758,0.07010388374328613,0.12708044052124023,0.0569765567779541,0.1295156478881836,0.30774426460266113,0.17822861671447754,0.1262528896331787,0.2488710880279541,0.12261819839477539,0.11355853080749512
s060,1,30,0.06854033470153809,0.28821563720703125,0.21967530250549316,0.10690045356750488,0.13667750358581543,0.029777050018310547,0.08888483047485352,0.08888483047485352,0.0,0.11553955078125,0.6751761436462402,0.5596365928649902,0.08403205871582031,0.2075812816619873,0.12354922294616699,0.24506926536560059,0.2606968879699707,0.015627622604370117,0.10957074165344238,0.1251983642578125,0.12471675872802734,0.08865976333618164,0.10424518585205078,0.01558542251586914,0.1270580291748047,0.14264488220214844,0.01558685302734375,0.1269092559814453,0.14509034156799316,0.01818108558654785,0.1097714900970459
s060,1,31,0.09784913063049316,0.21137213706970215,0.11352300643920898,0.11405134201049805,0.11505126953125,0.0009999275207519531,0.09265804290771484,0.09627199172973633,0.0036139488220214844,0.1067655086517334,0.5122857093811035,0.4055202007293701,0.09665727615356445,0.22639799118041992,0.12974071502685547,0.21443605422973633,0.2433936595916748,0.028957605361938477,0.0922551155090332,0.12121272087097168,0.1159977912902832,0.14406132698059082,0.16170382499694824,0.017642498016357422,0.09203743934631348,0.1620321273803711,0.06999468803405762,0.10206317901611328,0.14397478103637695,0.04191160202026367,0.14185595512390137
s060,1,32,0.0930790901184082,0.17174220085144043,0.07866311073303223,0.1118478775024414,0.12746477127075195,0.015616893768310547,0.08400940895080566,0.09962677955627441,0.01561737060546875,0.09442257881164551,0.4116373062133789,0.3172147274017334,0.10007405281066895,0.2426609992980957,0.14258694648742676,0.2140810489654541,0.23749566078186035,0.02341461181640625,0.12230753898620605,0.1457221508026123,0.13926386833190918,0.11074018478393555,0.13002920150756836,0.019289016723632812,0.0909738540649414,0.13336586952209473,0.04239201545715332,0.11649680137634277,0.16704249382019043,0.050545692443847656,0.07916617393493652
s060,1,33,0.10632157325744629,0.2617194652557373,0.15539789199829102,0.0994725227355957,0.13448500633239746,0.03501248359680176,0.09316778182983398,0.10391592979431152,0.010748147964477539,0.09891390800476074,0.4467306137084961,0.34781670570373535,0.09406900405883789,0.2849433422088623,0.19087433815002441,0.23967528343200684,0.32585883140563965,0.08618354797363281,0.10013318061828613,0.2837352752685547,0.18360209465026855,0.10010290145874023,0.11664819717407227,0.01654529571533203,0.11640691757202148,0.1628274917602539,0.04642057418823242,0.12926149368286133,0.1395726203918457,0.010311126708984375,0.10935640335083008
s060,1,34,0.09266304969787598,0.20444798469543457,0.1117849349975586,0.0990896224975586,0.11781883239746094,0.018729209899902344,0.10501766204833984,0.1070089340209961,0.00199127197265625,0.09354853630065918,0.3126204013824463,0.2190718650817871,0.10027456283569336,0.26095056533813477,0.1606760025024414,0.23848891258239746,0.25957775115966797,0.021088838577270508,0.10261249542236328,0.12370133399963379,0.11762690544128418,0.13739967346191406,0.15830659866333008,0.020906925201416016,0.12030243873596191,0.13735151290893555,0.017049074172973633,0.11053776741027832,0.16259145736694336,0.05205368995666504,0.11569976806640625
s060,1,35,0.1060335636138916,0.6026997566223145,0.49666619300842285,0.09110641479492188,0.5877726078033447,0.10722136497497559,0.07343912124633789,0.12997031211853027,0.05653119087219238,0.1253654956817627,0.39705967903137207,0.2716941833496094,0.09045624732971191,0.21329164505004883,0.12283539772033691,0.21553897857666016,0.3559441566467285,0.14040517807006836,0.07443428039550781,0.21483945846557617,0.10944986343383789,0.10402798652648926,0.14759182929992676,0.0435638427734375,0.09842157363891602,0.14198541641235352,0.11170554161071777,0.13069510459899902,0.17978143692016602,0.04908633232116699,0.1096799373626709
s060,1,36,0.06677579879760742,0.20817303657531738,0.14139723777770996,0.10266923904418945,0.1337900161743164,0.031120777130126953,0.07756853103637695,0.08579182624816895,0.008223295211791992,0.08927273750305176,0.35869431495666504,0.2694215774536133,0.09701132774353027,0.2587862014770508,0.1617748737335205,0.4955263137817383,0.6508471965789795,0.1553208827972412,0.1020197868347168,0.257340669631958,0.12042570114135742,0.0992729663848877,0.14845609664916992,0.04918313026428223,0.09987211227416992,0.10910224914550781,0.00923013687133789,0.09668278694152832,0.23749661445617676,0.14081382751464844,0.12101149559020996
s060,1,37,0.0977475643157959,0.22928595542907715,0.13153839111328125,0.09875774383544922,0.10929346084594727,0.010535717010498047,0.06710457801818848,0.0951840877532959,0.028079509735107422,0.10010123252868652,0.7257797718048096,0.625678539276123,0.09934616088867188,0.27467989921569824,0.17533373832702637,0.36158204078674316,0.6620495319366455,0.30046749114990234,0.09451961517333984,0.3949871063232422,0.13071155548095703,0.10046243667602539,0.13115215301513672,0.030689716339111328,0.11888647079467773,0.1501936912536621,0.031307220458984375,0.11504793167114258,0.16443324089050293,0.04938530921936035,0.10547661781311035
s060,1,38,0.1049656867980957,0.22453951835632324,0.11957383155822754,0.10559344291687012,0.11429572105407715,0.008702278137207031,0.0844719409942627,0.09173417091369629,0.007262229919433594,0.11096024513244629,0.35090065002441406,0.23994040489196777,0.0874643325805664,0.2522873878479004,0.16482305526733398,0.25306248664855957,0.2949070930480957,0.04184460639953613,0.11738038063049316,0.12804913520812988,0.010668754577636719,0.10772156715393066,0.11992144584655762,0.012199878692626953,0.09892082214355469,0.17007756233215332,0.07115674018859863,0.13407564163208008,0.1502373218536377,0.016161680221557617,0.11733412742614746
s060,1,39,0.15827417373657227,0.2504868507385254,0.09221267700195312,0.07969331741333008,0.1043846607208252,0.024691343307495117,0.08533644676208496,0.08533644676208496,0.0,0.10885024070739746,0.6756081581115723,0.5667579174041748,0.08487844467163086,0.42301034927368164,0.3381319046020508,0.23790669441223145,0.7275643348693848,0.4896576404571533,0.08882379531860352,0.5784814357757568,0.10286235809326172,0.09983587265014648,0.11714649200439453,0.017310619354248047,0.10042548179626465,0.16570806503295898,0.06528258323669434,0.1191411018371582,0.24300694465637207,0.12386584281921387,0.11343598365783691
s060,1,40,0.09595251083374023,0.2722046375274658,0.17625212669372559,0.08266711235046387,0.25891923904418945,0.1048591136932373,0.08354520797729492,0.14556121826171875,0.06201601028442383,0.11042594909667969,0.3226463794708252,0.2122204303741455,0.09989094734191895,0.25905370712280273,0.1591627597808838,0.2386491298675537,0.2542705535888672,0.015621423721313477,0.1564338207244873,0.1564338207244873,0.0,0.08172154426574707,0.16033291816711426,0.07861137390136719,0.07638955116271973,0.35189390182495117,0.27550435066223145,0.11851906776428223,0.1354084014892578,0.016889333724975586,0.10168242454528809
s060,1,41,0.09078574180603027,0.21669244766235352,0.12590670585632324,0.10836505889892578,0.23427176475524902,0.1251997947692871,0.09433913230895996,0.10996127128601074,0.015622138977050781,0.09263348579406738,0.378953218460083,0.2863197326660156,0.08823084831237793,0.2309415340423584,0.14271068572998047,0.2326526641845703,0.2974257469177246,0.0647730827331543,0.11404752731323242,0.17882061004638672,0.129042387008667,0.14745569229125977,0.14899492263793945,0.0015392303466796875,0.0956275463104248,0.33998656272888184,0.24435901641845703,0.11736321449279785,0.18938493728637695,0.0720217227935791,0.12120342254638672
s060,1,42,0.10169625282287598,0.21677947044372559,0.11508321762084961,0.10196208953857422,0.11217951774597168,0.010217428207397461,0.08504366874694824,0.11264920234680176,0.027605533599853516,0.08239459991455078,0.5156252384185791,0.4332306385040283,0.09409213066101074,0.27993249893188477,0.18584036827087402,0.20638155937194824,0.22553324699401855,0.019151687622070312,0.11086106300354004,0.11972951889038086,0.00886845588684082,0.11644411087036133,0.1297004222869873,0.013256311416625977,0.0887448787689209,0.12829971313476562,0.03955483436584473,0.11321377754211426,0.13298726081848145,0.019773483276367188,0.08381056785583496
s060,1,43,0.14411187171936035,0.2598860263824463,0.11577415466308594,0.11133098602294922,0.12134170532226562,0.010010719299316406,0.06867098808288574,0.0810544490814209,0.012383460998535156,0.09608292579650879,0.28739500045776367,0.19131207466125488,0.09229636192321777,0.29802680015563965,0.20573043823242188,0.1941981315612793,0.20985770225524902,0.015659570693969727,0.09837031364440918,0.10716104507446289,0.008790731430053711,0.13457965850830078,0.15022754669189453,0.01564788818359375,0.1221778392791748,0.1221778392791748,0.0,0.13078784942626953,0.187180757522583,0.05639290809631348,0.08150339126586914
s060,1,44,0.12567734718322754,0.23686575889587402,0.11118841171264648,0.11626338958740234,0.13533425331115723,0.019070863723754883,0.08062171936035156,0.08835220336914062,0.0077304840087890625,0.10943412780761719,0.22480559349060059,0.1153714656829834,0.09911584854125977,0.25490307807922363,0.15578722953796387,0.20400738716125488,0.24362921714782715,0.039621829986572266,0.11186838150024414,0.12189626693725586,0.010027885437011719,0.1127767562866211,0.13079833984375,0.018021583557128906,0.10724067687988281,0.13718533515930176,0.029944658279418945,0.09130358695983887,0.26946520805358887,0.17816162109375,0.0803987979888916
s060,1,45,0.09062933921813965,0.43422985076904297,0.3436005115509033,0.10749650001525879,0.10749650001525879,0.0,0.11013984680175781,0.11013984680175781,0.0,0.1063232421875,0.2488713264465332,0.1425480842590332,0.10225486755371094,0.24516057968139648,0.14290571212768555,0.24689650535583496,0.3577280044555664,0.11083149909973145,0.07527804374694824,0.1861095428466797,0.11313724517822266,0.11502194404602051,0.2508258819580078,0.1358039379119873,0.08893942832946777,0.29474806785583496,0.2058086395263672,0.08847856521606445,0.1461796760559082,0.05770111083984375,0.10747241973876953
s060,1,46,0.10059022903442383,0.20288348197937012,0.10229325294494629,0.09626483917236328,0.19855809211730957,0.12010025978088379,0.0874180793762207,0.16399669647216797,0.07657861709594727,0.09604620933532715,0.27073001861572266,0.1746838092803955,0.12087416648864746,0.29331374168395996,0.1724395751953125,0.22016310691833496,0.22779321670532227,0.007630109786987305,0.10413503646850586,0.11249399185180664,0.008358955383300781,0.1049189567565918,0.14985132217407227,0.04493236541748047,0.08335328102111816,0.16062259674072266,0.07726931571960449,0.10123991966247559,0.22176122665405273,0.12052130699157715,0.11291241645812988
s060,1,47,0.11282229423522949,0.18069958686828613,0.06787729263305664,0.1139826774597168,0.12899160385131836,0.015008926391601562,0.09110641479492188,0.10049700736999512,0.009390592575073242,0.09742927551269531,0.6817221641540527,0.5842928886413574,0.10028529167175293,0.30634546279907227,0.20606017112731934,0.16690707206726074,0.1759178638458252,0.009010791778564453,0.13613057136535645,0.14728403091430664,0.011153459548950195,0.08360791206359863,0.11626029014587402,0.03265237808227539,0.10109114646911621,0.2387244701385498,0.1376333236694336,0.11783790588378906,0.37081122398376465,0.2529733180999756,0.1200408935546875
s060,1,48,0.12602996826171875,0.28966522216796875,0.16363525390625,0.08723163604736328,0.2508668899536133,0.1012275218963623,0.09839630126953125,0.10843563079833984,0.010039329528808594,0.09157443046569824,0.6617767810821533,0.5702023506164551,0.10880494117736816,0.4906449317932129,0.3818399906158447,0.2495560646057129,0.29703712463378906,0.04748106002807617,0.12240195274353027,0.16988301277160645,0.13541674613952637,0.10167121887207031,0.14779353141784668,0.04612231254577637,0.06711649894714355,0.09997344017028809,0.03285694122314453,0.1129910945892334,0.29266810417175293,0.17967700958251953,0.06454706192016602
s060,1,49,0.0797111988067627,0.1627190113067627,0.0830078125,0.11374330520629883,0.12378907203674316,0.010045766830444336,0.07712960243225098,0.09751510620117188,0.0203855037689209,0.11395096778869629,0.34461188316345215,0.23066091537475586,0.11943268775939941,0.32880711555480957,0.20937442779541016,0.20576095581054688,0.35161805152893066,0.1458570957183838,0.1347365379333496,0.1684858798980713,0.03374934196472168,0.11510634422302246,0.132171630859375,0.01706528663635254,0.10748028755187988,0.3037691116333008,0.1962888240814209,0.10591459274291992,0.19565796852111816,0.08974337577819824,0.09061646461486816
s060,1,0,0.11003541946411133,0.25408053398132324,0.14404511451721191,0.0754249095916748,0.21947002410888672,0.10687780380249023,0.13436412811279297,0.16385698318481445,0.029492855072021484,0.11275982856750488,0.7127063274383545,0.5999464988708496,0.09246182441711426,0.2931356430053711,0.20067381858825684,0.21357941627502441,0.3286590576171875,0.11507964134216309,0.12604069709777832,0.2411203384399414,0.15061092376708984,0.11354708671569824,0.17272210121154785,0.05917501449584961,0.10065078735351562,0.16865205764770508,0.06800127029418945,0.11823034286499023,0.19054770469665527,0.07231736183166504,0.09987759590148926
s060,1,1,0.12107610702514648,0.2987031936645508,0.1776270866394043,0.0826711654663086,0.2602982521057129,0.09868001937866211,0.09386491775512695,0.16089963912963867,0.06703472137451172,0.11762452125549316,0.2713639736175537,0.15373945236206055,0.09199905395507812,0.2922689914703369,0.2002699375152588,0.204315185546875,0.26387596130371094,0.05956077575683594,0.12644505500793457,0.1860058307647705,0.1404576301574707,0.1570572853088379,0.16105866432189941,0.0040013790130615234,0.13140058517456055,0.17164087295532227,0.04024028778076172,0.11242055892944336,0.18613386154174805,0.07371330261230469,0.12874341011047363
s060,1,2,0.11954617500305176,0.23087525367736816,0.1113290786743164,0.07342886924743652,0.18475794792175293,0.11590075492858887,0.11472964286804199,0.1669325828552246,0.05220293998718262,0.14078950881958008,0.3241159915924072,0.18332648277282715,0.10525679588317871,0.33446788787841797,0.22921109199523926,0.2376101016998291,0.3141365051269531,0.07652640342712402,0.12350249290466309,0.2000288963317871,0.1563878059387207,0.11532902717590332,0.13896989822387695,0.023640871047973633,0.12863564491271973,0.14509248733520508,0.01645684242248535,0.11656022071838379,0.24840617179870605,0.13184595108032227,0.1330263614654541
s060,1,3,0.1403968334197998,0.2660713195800781,0.12567448616027832,0.09411501884460449,0.10977506637573242,0.01566004753112793,0.12441515922546387,0.13069748878479004,0.006282329559326172,0.11825323104858398,0.26688671112060547,0.14863348007202148,0.09451961517333984,0.2705719470977783,0.17605233192443848,0.1983332633972168,0.27761411666870117,0.07928085327148438,0.14597201347351074,0.22525286674499512,0.16899752616882324,0.12458300590515137,0.10155749320983887,0.14164090156555176,0.10756969451904297,0.310349702835083,0.20278000831604004,0.15294146537780762,0.22279715538024902,0.0698556900024414,0.12026309967041016
s060,1,4,0.12118649482727051,0.31536412239074707,0.19417762756347656,0.09478187561035156,0.09581208229064941,0.0010302066802978516,0.10928177833557129,0.12974762916564941,0.020465850830078125,0.12470149993896484,0.44384074211120605,0.3191392421722412,0.10129261016845703,0.3203403949737549,0.21904778480529785,0.21570682525634766,0.27094364166259766,0.05523681640625,0.13830137252807617,0.16096735000610352,0.022665977478027344,0.09102082252502441,0.11368680000305176,0.11810755729675293,0.11536359786987305,0.24095916748046875,0.1255955696105957,0.1225430965423584,0.18062353134155273,0.058080434799194336,0.1265718936920166
s060,1,5,0.12038969993591309,0.24940061569213867,0.12901091575622559,0.09313726425170898,0.10235357284545898,0.00921630859375,0.08047103881835938,0.13137006759643555,0.05089902877807617,0.11525225639343262,0.23668909072875977,0.12143683433532715,0.10897564888000488,0.25936269760131836,0.15038704872131348,0.18112969398498535,0.2282567024230957,0.04712700843811035,0.14595413208007812,0.15346717834472656,0.0075130462646484375,0.08919143676757812,0.09670448303222656,0.13190603256225586,0.11096334457397461,0.2213747501373291,0.11041140556335449,0.07563304901123047,0.5958037376403809,0.5201706886291504,0.13391804695129395
s060,1,6,0.08549785614013672,0.26037049293518066,0.17487263679504395,0.09403038024902344,0.11247134208679199,0.018440961837768555,0.057230472564697266,0.11639285087585449,0.05916237831115723,0.1286334991455078,0.23579621315002441,0.1071627140045166,0.09677600860595703,0.2970125675201416,0.20023655891418457,0.18298816680908203,0.21709251403808594,0.034104347229003906,0.14287853240966797,0.16167497634887695,0.018796443939208984,0.09520816802978516,0.11400461196899414,0.11553049087524414,0.09307599067687988,0.20159077644348145,0.10851478576660156,0.0931403636932373,1.3324863910675049,1.2393460273742676,0.11232352256774902
s060,1,7,0.10407638549804688,0.9028005599975586,0.7987241744995117,0.10378289222717285,0.11303019523620605,0.009247303009033203,0.10075974464416504,0.1310138702392578,0.030254125595092773,0.12063717842102051,0.2465221881866455,0.125885009765625,0.08789753913879395,0.2580535411834717,0.17015600204467773,0.23137974739074707,0.28742527961730957,0.0560455322265625,0.11744046211242676,0.13069391250610352,0.013253450393676758,0.10550165176391602,0.11378669738769531,0.008285045623779297,0.09050440788269043,0.2684924602508545,0.17798805236816406,0.1489264965057373,0.2592892646789551,0.11036276817321777,0.15379762649536133
s060,1,8,0.1282656192779541,0.25656604766845703,0.12830042839050293,0.10222840309143066,0.11040616035461426,0.008177757263183594,0.09066057205200195,0.09066057205200195,0.0,0.1413896083831787,0.549039363861084,0.4076497554779053,0.09388065338134766,0.2826077938079834,0.18872714042663574,0.21641778945922852,0.24755454063415527,0.031136751174926758,0.13837003707885742,0.13837003707885742,0.0,0.11095333099365234,0.11846089363098145,0.0075075626373291016,0.10097861289978027,0.14047932624816895,0.03950071334838867,0.14589548110961914,0.6672573089599609,0.5213618278503418,0.10917878150939941
s060,1,9,0.09231019020080566,0.34464001655578613,0.25232982635498047,0.08774614334106445,0.3400759696960449,0.09874439239501953,0.08980369567871094,0.12020182609558105,0.030398130416870117,0.1298670768737793,0.3053758144378662,0.17550873756408691,0.09349322319030762,0.5761375427246094,0.48264431953430176,0.30933284759521484,0.864638090133667,0.5553052425384521,0.11204743385314941,0.6673526763916016,0.12403440475463867,0.11720871925354004,0.12821006774902344,0.011001348495483398,0.10337543487548828,0.19468474388122559,0.0913093090057373,0.11786818504333496,1.0862476825714111,0.9683794975280762,0.1301884651184082
s060,1,10,0.11470866203308105,0.2713766098022461,0.15666794776916504,0.09435582160949707,0.2510237693786621,0.11161589622497559,0.10541844367980957,0.10843276977539062,0.0030143260955810547,0.10730600357055664,0.6221492290496826,0.514843225479126,0.07521677017211914,0.2884938716888428,0.21327710151672363,0.22009539604187012,0.2311093807220459,0.011013984680175781,0.10503196716308594,0.12972378730773926,0.02469182014465332,0.1313326358795166,0.14646458625793457,0.015131950378417969,0.0915989875793457,0.15395450592041016,0.06235551834106445,0.10465359687805176,0.19171833992004395,0.08706474304199219,0.10849952697753906
s060,1,11,0.09903907775878906,0.20547771453857422,0.10643863677978516,0.10289859771728516,0.11703276634216309,0.01413416862487793,0.08002424240112305,0.12099695205688477,0.04097270965576172,0.1279757022857666,0.5200495719909668,0.3920738697052002,0.08728933334350586,0.2549443244934082,0.16765499114990234,0.3345451354980469,0.428466796875,0.09392166137695312,0.09675908088684082,0.19068074226379395,0.13465237617492676,0.11585402488708496,0.14104008674621582,0.02518606185913086,0.09306907653808594,0.19354653358459473,0.10047745704650879,0.13614320755004883,0.24535822868347168,0.10921502113342285,0.11977601051330566
s060,1,12,0.10474967956542969,0.1838207244873047,0.079071044921875,0.09990382194519043,0.11934041976928711,0.01943659782409668,0.0728909969329834,0.08763504028320312,0.014744043350219727,0.0895540714263916,0.1996450424194336,0.11009097099304199,0.1202538013458252,0.21281099319458008,0.09255719184875488,0.24132657051086426,0.2533838748931885,0.012057304382324219,0.11439275741577148,0.1563856601715088,0.041992902755737305,0.10882902145385742,0.12039351463317871,0.011564493179321289,0.11134934425354004,0.1401524543762207,0.028803110122680664,0.16413354873657227,0.26013755798339844,0.09600400924682617,0.12595629692077637
s060,1,13,0.12127113342285156,0.2596867084503174,0.13841557502746582,0.08786416053771973,0.22627973556518555,0.10349202156066895,0.10068106651306152,0.11668109893798828,0.016000032424926758,0.08653020858764648,0.22906136512756348,0.142531156539917,0.08934879302978516,0.2521331310272217,0.16278433799743652,0.2490246295928955,0.3623943328857422,0.11336970329284668,0.09990668296813965,0.11926913261413574,0.019362449645996094,0.12266325950622559,0.161726713180542,0.039063453674316406,0.10283946990966797,0.1666574478149414,0.06381797790527344,0.13766741752624512,0.2737398147583008,0.13607239723205566,0.14107584953308105
s060,1,14,0.11865758895874023,0.22393178939819336,0.10527420043945312,0.10221219062805176,0.10888552665710449,0.006673336029052734,0.08405804634094238,0.09073138236999512,0.09684967994689941,0.10463285446166992,0.22587084770202637,0.12123799324035645,0.11664080619812012,0.7417581081390381,0.625117301940918,0.2349531650543213,0.6372532844543457,0.4023001194000244,0.0770726203918457,0.4793727397918701,0.09709501266479492,0.08993315696716309,0.13289785385131836,0.04296469688415527,0.09940719604492188,0.17141151428222656,0.07200431823730469,0.11077380180358887,0.15919804573059082,0.04842424392700195,0.12969493865966797
s060,1,15,0.08559656143188477,0.17975711822509766,0.09416055679321289,0.09630155563354492,0.12891626358032227,0.032614707946777344,0.07177114486694336,0.09701180458068848,0.025240659713745117,0.08719730377197266,0.24945402145385742,0.16225671768188477,0.1036827564239502,0.3313710689544678,0.22768831253051758,0.2545952796936035,0.267808198928833,0.013212919235229492,0.11373209953308105,0.14553499221801758,0.03180289268493652,0.11449217796325684,0.12173199653625488,0.007239818572998047,0.08410882949829102,0.14480876922607422,0.0606999397277832,0.11571478843688965,0.16350007057189941,0.047785282135009766,0.07520127296447754
s060,1,16,0.1127157211303711,0.22633147239685059,0.11361575126647949,0.09642696380615234,0.09846615791320801,0.002039194107055664,0.08884668350219727,0.0908818244934082,0.0020351409912109375,0.09521198272705078,0.199721097946167,0.10450911521911621,0.08694815635681152,0.25365424156188965,0.16670608520507812,0.24254322052001953,0.37546443939208984,0.1329212188720703,0.11770749092102051,0.12589335441589355,0.008185863494873047,0.08037781715393066,0.15362095832824707,0.0732431411743164,0.09956812858581543,0.27745723724365234,0.17788910865783691,0.12424635887145996,0.14032912254333496,0.016082763671875,0.137739896774292
s060,1,17,0.10393953323364258,0.21585297584533691,0.11191344261169434,0.09380555152893066,0.205718994140625,0.1101372241973877,0.0906062126159668,0.11664819717407227,0.02604198455810547,0.07989811897277832,0.2100813388824463,0.13018321990966797,0.09025239944458008,0.2552304267883301,0.16497802734375,0.2877209186553955,0.5061936378479004,0.21847271919250488,0.1330583095550537,0.15117311477661133,0.018114805221557617,0.0999755859375,0.11155223846435547,0.011576652526855469,0.1345369815826416,0.256990909576416,0.12245392799377441,0.11648273468017578,0.21102046966552734,0.09453773498535156,0.10477375984191895
s060,1,18,0.10308194160461426,0.2242124080657959,0.12113046646118164,0.09757208824157715,0.2187025547027588,0.11153888702392578,0.07670187950134277,0.08019089698791504,0.0034890174865722656,0.10822057723999023,0.17247915267944336,0.06425857543945312,0.0971975326538086,0.30152416229248047,0.20432662963867188,0.22540974617004395,0.2580430507659912,0.032633304595947266,0.11913895606994629,0.11913895606994629,0.0,0.12726521492004395,0.1307506561279297,0.003485441207885742,0.09362244606018066,0.11949348449707031,0.02587103843688965,0.16352367401123047,0.4730668067932129,0.3095431327819824,0.12230348587036133
s060,1,19,0.11269974708557129,0.24410247802734375,0.13140273094177246,0.10022425651550293,0.1158897876739502,0.015665531158447266,0.09472346305847168,0.09573245048522949,0.0010089874267578125,0.08352994918823242,0.20622587203979492,0.1226959228515625,0.08844661712646484,0.270855188369751,0.18240857124328613,0.21201777458190918,0.22926688194274902,0.017249107360839844,0.12631511688232422,0.15101218223571777,0.024697065353393555,0.11730146408081055,0.1419985294342041,0.1318192481994629,0.09740376472473145,0.17506909370422363,0.07766532897949219,0.1157231330871582,0.1157231330871582,0.0,0.10627484321594238
s060,1,20,0.11289358139038086,0.4299502372741699,0.31705665588378906,0.11329197883605957,0.11329197883605957,0.0,0.10961008071899414,0.712465763092041,0.6028556823730469,0.10455131530761719,0.24211883544921875,0.13756752014160156,0.08270597457885742,0.2969479560852051,0.21424198150634766,0.21733832359313965,0.29656481742858887,0.07922649383544922,0.1252727508544922,0.1343519687652588,0.009079217910766602,0.13356852531433105,0.1355609893798828,0.001992464065551758,0.09650039672851562,1.3975465297698975,1.3010461330413818,0.10277915000915527,0.20997834205627441,0.10719919204711914,0.08988332748413086
s060,1,21,0.1360175609588623,0.8364815711975098,0.7004640102386475,0.08867216110229492,0.7891361713409424,0.10266232490539551,0.07915067672729492,0.11612439155578613,0.03697371482849121,0.1169121265411377,0.2403254508972168,0.1234133243560791,0.0772707462310791,0.27429866790771484,0.19702792167663574,0.21492910385131836,0.2619285583496094,0.046999454498291016,0.1145632266998291,0.12256145477294922,0.007998228073120117,0.11079668998718262,0.11879491806030273,0.12504100799560547,0.10079360008239746,0.18273282051086426,0.0819392204284668,0.10318255424499512,0.21898722648620605,0.11580467224121094,0.08406925201416016
s060,1,22,0.0980682373046875,0.2176811695098877,0.1196129322052002,0.09037470817565918,0.20998764038085938,0.10537147521972656,0.08899712562561035,0.09951567649841309,0.010518550872802734,0.09951376914978027,0.24238157272338867,0.1428678035736084,0.0875239372253418,0.4402315616607666,0.3527076244354248,0.23557472229003906,0.29230546951293945,0.05673074722290039,0.09864187240600586,0.15537261962890625,0.12445712089538574,0.12535667419433594,0.09954142570495605,0.13835501670837402,0.11828827857971191,0.16228723526000977,0.04399895668029785,0.1460578441619873,0.21806716918945312,0.07200932502746582,0.1064903736114502
s060,1,23,0.08963799476623535,0.20238399505615234,0.11274600028991699,0.11495709419250488,0.11593890190124512,0.0009818077087402344,0.07424426078796387,0.09257936477661133,0.01833510398864746,0.12788057327270508,0.24801969528198242,0.12013912200927734,0.08895254135131836,0.46134471893310547,0.3723921775817871,0.23774313926696777,0.36481666564941406,0.1270735263824463,0.08329987525939941,0.2103734016418457,0.13516759872436523,0.14603328704833984,0.09416556358337402,0.1610579490661621,0.10737299919128418,0.1404252052307129,0.03305220603942871,0.13222098350524902,0.20221948623657227,0.06999850273132324,0.07980823516845703
s060,1,24,0.10947203636169434,0.446685791015625,0.33721375465393066,0.1166846752166748,0.15810942649841309,0.04142475128173828,0.09060454368591309,0.10961103439331055,0.01900649070739746,0.103271484375,0.31311964988708496,0.20984816551208496,0.10856389999389648,0.3196682929992676,0.2111043930053711,0.2693147659301758,0.358961820602417,0.08964705467224121,0.10839104652404785,0.1213374137878418,0.012946367263793945,0.1221930980682373,0.13513946533203125,0.13346076011657715,0.10469651222229004,0.24195003509521484,0.1372535228729248,0.14045429229736328,0.25469207763671875,0.11423778533935547,0.09798693656921387
s060,1,25,0.11672687530517578,0.603081464767456,0.4863545894622803,0.09314990043640137,0.09540343284606934,0.0022535324096679688,0.08021306991577148,0.08246660232543945,0.09523963928222656,0.11370849609375,0.7617006301879883,0.6479921340942383,0.1126551628112793,0.2944965362548828,0.18184137344360352,0.22808408737182617,0.2941410541534424,0.06605696678161621,0.11423325538635254,0.18029022216796875,0.1265246868133545,0.11332249641418457,0.10103106498718262,0.12557125091552734,0.09879279136657715,0.23538541793823242,0.13659262657165527,0.1157383918762207,0.21422266960144043,0.09848427772521973,0.1386423110961914
s060,1,26,0.10998654365539551,0.25664663314819336,0.14666008949279785,0.09573173522949219,0.10472583770751953,0.008994102478027344,0.09852886199951172,0.10894250869750977,0.010413646697998047,0.09040689468383789,0.2241513729095459,0.133744478225708,0.08246755599975586,0.5187194347381592,0.4362518787384033,0.2304079532623291,0.2879638671875,0.0575559139251709,0.11796307563781738,0.1278369426727295,0.00987386703491211,0.1134493350982666,0.11447358131408691,0.0010242462158203125,0.12021732330322266,0.13875246047973633,0.018535137176513672,0.1159815788269043,0.18794751167297363,0.07196593284606934,0.13562846183776855
s060,1,27,0.11689400672912598,0.26062798500061035,0.14373397827148438,0.11505270004272461,0.14258193969726562,0.027529239654541016,0.0779414176940918,0.08600473403930664,0.008063316345214844,0.12340641021728516,0.5188755989074707,0.39546918869018555,0.08989667892456055,0.29282283782958984,0.2029261589050293,0.24119973182678223,0.25058436393737793,0.009384632110595703,0.11208415031433105,0.13407564163208008,0.021991491317749023,0.11517119407653809,0.1371626853942871,0.129194974899292,0.10798072814941406,0.1614973545074463,0.05351662635803223,0.12730193138122559,0.16496920585632324,0.037667274475097656,0.09396982192993164
s060,1,28,0.08870434761047363,0.22639155387878418,0.13768720626831055,0.11267924308776855,0.2503664493560791,0.12665963172912598,0.08045458793640137,0.10710597038269043,0.026651382446289062,0.09917950630187988,0.35301923751831055,0.25383973121643066,0.0995168685913086,0.29459309577941895,0.19507622718811035,0.2178792953491211,0.28615641593933105,0.06827712059020996,0.1223142147064209,0.19059133529663086,0.13409209251403809,0.14009428024291992,0.14411258697509766,0.004018306732177734,0.08729410171508789,0.4601564407348633,0.3728623390197754,0.09823155403137207,0.47109389305114746,0.12181377410888672,0.14040732383728027
s060,1,29,0.09007930755615234,0.2543506622314453,0.16427135467529297,0.09444975852966309,0.10302591323852539,0.008576154708862305,0.0625,0.08749890327453613,0.024998903274536133,0.09681248664855957,0.7933990955352783,0.6965866088867188,0.09321045875549316,0.27837347984313965,0.18516302108764648,0.21553874015808105,0.27210330963134766,0.0565645694732666,0.10942387580871582,0.11574149131774902,0.006317615509033203,0.10160517692565918,0.1391139030456543,0.03750872611999512,0.09531688690185547,0.14257383346557617,0.0472569465637207,0.11092591285705566,0.16937994956970215,0.058454036712646484,0.08930730819702148
s060,1,30,0.1407480239868164,0.3015303611755371,0.1607823371887207,0.09536409378051758,0.2561464309692383,0.1103522777557373,0.09144401550292969,0.10773396492004395,0.016289949417114258,0.10475611686706543,0.513329267501831,0.4085731506347656,0.07970452308654785,0.29981160163879395,0.2201070785522461,0.19599008560180664,0.2261962890625,0.03020620346069336,0.14305734634399414,0.15253877639770508,0.009481430053710938,0.09852337837219238,0.10800480842590332,0.12277817726135254,0.10680079460144043,0.1678919792175293,0.06109118461608887,0.10245585441589355,0.16579031944274902,0.06333446502685547,0.07786250114440918
s060,1,31,0.09966778755187988,0.23204803466796875,0.13238024711608887,0.08222007751464844,0.2146003246307373,0.104095458984375,0.09135890007019043,0.11821460723876953,0.0268557071685791,0.13136839866638184,0.2650175094604492,0.13364911079406738,0.08841395378112793,0.4209158420562744,0.3325018882751465,0.2454664707183838,0.2454664707183838,0.0,0.11150836944580078,0.11150836944580078,0.0,0.12831473350524902,0.12831473350524902,0.18432998657226562,0.12784075736999512,0.19201326370239258,0.06417250633239746,0.10903215408325195,0.14984917640686035,0.0408170223236084,0.10895586013793945
s060,1,32,0.10298514366149902,0.23631882667541504,0.13333368301391602,0.0913996696472168,0.10030579566955566,0.008906126022338867,0.07428359985351562,0.12218499183654785,0.04790139198303223,0.09199213981628418,0.6269512176513672,0.534959077835083,0.09105658531188965,0.27402186393737793,0.18296527862548828,0.2185804843902588,0.24581289291381836,0.02723240852355957,0.11992788314819336,0.12293887138366699,0.003010988235473633,0.11858987808227539,0.12160086631774902,0.1305844783782959,0.08307862281799316,0.20481634140014648,0.12173771858215332,0.09546542167663574,0.17605137825012207,0.08058595657348633,0.07990455627441406
s060,1,33,0.13712835311889648,0.37560105323791504,0.23847270011901855,0.08620023727416992,0.10182452201843262,0.015624284744262695,0.08278131484985352,0.09082698822021484,0.008045673370361328,0.12950563430786133,0.34252476692199707,0.21301913261413574,0.08894085884094238,0.27436089515686035,0.18542003631591797,0.23980236053466797,0.26117682456970215,0.02137446403503418,0.11754989624023438,0.12453174591064453,0.006981849670410156,0.15113449096679688,0.15811634063720703,0.1700735092163086,0.09188961982727051,0.19617629051208496,0.10428667068481445,0.11104607582092285,0.17305541038513184,0.062009334564208984,0.12301301956176758
s060,1,34,0.11638903617858887,0.2559988498687744,0.13960981369018555,0.07778620719909668,0.08784103393554688,0.010054826736450195,0.06273245811462402,0.11380672454833984,0.05107426643371582,0.11034655570983887,0.629004716873169,0.5186581611633301,0.09331321716308594,0.3019139766693115,0.20860075950622559,0.21174049377441406,0.2294752597808838,0.017734766006469727,0.10940051078796387,0.12534189224243164,0.015941381454467773,0.11005806922912598,0.12599945068359375,0.1413118839263916,0.11646556854248047,0.20432281494140625,0.08785724639892578,0.11100554466247559,0.1422891616821289,0.03128361701965332,0.10854625701904297
s060,1,35,0.14030838012695312,0.5881381034851074,0.4478297233581543,0.07302093505859375,0.520850658416748,0.08707666397094727,0.11294198036193848,0.1273789405822754,0.014436960220336914,0.10302925109863281,0.271195650100708,0.1681663990020752,0.10274553298950195,0.35344743728637695,0.250701904296875,0.2341015338897705,0.3405721187591553,0.10647058486938477,0.13004446029663086,0.1456916332244873,0.015647172927856445,0.12747859954833984,0.15473556518554688,0.02725696563720703,0.11841177940368652,0.9888091087341309,0.8703973293304443,0.07788896560668945,0.42838549613952637,0.3504965305328369,0.09069013595581055
s060,1,36,0.0933084487915039,0.1927642822265625,0.0994558334350586,0.10165929794311523,0.11974287033081055,0.018083572387695312,0.07987308502197266,0.124359130859375,0.044486045837402344,0.12589216232299805,0.37086939811706543,0.24497723579406738,0.0956258773803711,0.26651763916015625,0.17089176177978516,0.18860220909118652,0.20902371406555176,0.020421504974365234,0.1191110610961914,0.12862825393676758,0.009517192840576172,0.12364602088928223,0.1331632137298584,0.1361689567565918,0.08768415451049805,0.16941380500793457,0.08172965049743652,0.09297966957092285,0.15465140342712402,0.06167173385620117,0.08409714698791504
s060,1,37,0.1162109375,0.40525102615356445,0.28904008865356445,0.10450005531311035,0.10939192771911621,0.004891872406005859,0.0691232681274414,0.13470172882080078,0.06557846069335938,0.11294698715209961,0.4324781894683838,0.3195312023162842,0.09889388084411621,0.28573012351989746,0.18683624267578125,0.19493603706359863,0.20498037338256836,0.010044336318969727,0.10156488418579102,0.13982653617858887,0.03826165199279785,0.13701725006103516,0.175278902053833,0.15004801750183105,0.10687828063964844,0.1338636875152588,0.02698540687561035,0.17153000831604004,0.2129514217376709,0.04142141342163086,0.09353089332580566
s060,1,38,0.10185956954956055,0.2192213535308838,0.11736178398132324,0.09380841255187988,0.1093897819519043,0.015581369400024414,0.08073949813842773,0.10715246200561523,0.0264129638671875,0.11609458923339844,0.2691328525543213,0.15303826332092285,0.1140751838684082,0.3335719108581543,0.2194967269897461,0.21709918975830078,0.23439455032348633,0.017295360565185547,0.09439682960510254,0.10975050926208496,0.015353679656982422,0.15802597999572754,0.20075130462646484,0.042725324630737305,0.06407999992370605,0.19165754318237305,0.127577543258667,0.050832509994506836,0.12575221061706543,0.0749197006225586,0.11378955841064453
s060,1,39,0.13250160217285156,1.429630994796753,1.2971293926239014,0.07512068748474121,1.3722500801086426,0.11421084403991699,0.11272621154785156,0.14376521110534668,0.031038999557495117,0.10510897636413574,0.2685873508453369,0.16347837448120117,0.051546335220336914,0.5121591091156006,0.46061277389526367,0.3865623474121094,0.4328615665435791,0.04629921913146973,0.10274553298950195,0.13574743270874023,0.03300189971923828,0.126708984375,0.15971088409423828,0.1565415859222412,0.11592745780944824,0.1613631248474121,0.04543566703796387,0.14158201217651367,0.16114568710327148,0.019563674926757812,0.1511523723602295
s060,1,0,0.10942912101745605,0.24110841751098633,0.13167929649353027,0.08388042449951172,0.215559720993042,0.11179232597351074,0.09543013572692871,0.15981650352478027,0.06438636779785156,0.13014769554138184,0.5513753890991211,0.42122769355773926,0.09038281440734863,0.3054649829864502,0.21508216857910156,0.20073437690734863,0.21564531326293945,0.01491093635559082,0.11145687103271484,0.157118558883667,0.04566168785095215,0.12934398651123047,0.13238072395324707,0.0030367374420166016,0.09436440467834473,0.18997740745544434,0.09561300277709961,0.12053298950195312,0.2958221435546875,0.17528915405273438,0.12176704406738281
s060,1,1,0.11964917182922363,0.22919082641601562,0.10954165458679199,0.09015250205993652,0.19969415664672852,0.10619449615478516,0.07848262786865234,0.09404420852661133,0.015561580657958984,0.11789178848266602,0.2392570972442627,0.12136530876159668,0.08337259292602539,0.2633960247039795,0.1800234317779541,0.20119857788085938,0.21057820320129395,0.00937962532043457,0.12474775314331055,0.15310287475585938,0.028355121612548828,0.09355545043945312,0.12191057205200195,0.11546683311462402,0.12297797203063965,0.16506028175354004,0.04208230972290039,0.11179804801940918,0.25214123725891113,0.14034318923950195,0.12210798263549805
s060,1,2,0.09157395362854004,0.19471955299377441,0.10314559936523438,0.13550448417663574,0.13550448417663574,0.0,0.07947897911071777,0.11761736869812012,0.038138389587402344,0.09949874877929688,0.20001864433288574,0.10051989555358887,0.11489033699035645,0.31304478645324707,0.19815444946289062,0.19890284538269043,0.21525335311889648,0.016350507736206055,0.10738515853881836,0.13867592811584473,0.03129076957702637,0.1274242401123047,0.13495874404907227,0.007534503936767578,0.10004854202270508,0.3706483840942383,0.2705998420715332,0.08959245681762695,0.2409524917602539,0.15136003494262695,0.14666032791137695
s060,1,3,0.1356663703918457,0.2627253532409668,0.1270589828491211,0.09505629539489746,0.13410258293151855,0.039046287536621094,0.08826398849487305,0.09226202964782715,0.0039980411529541016,0.11359715461730957,0.43397951126098633,0.32038235664367676,0.09127449989318848,0.3526301383972168,0.2613556385040283,0.19777774810791016,0.2132275104522705,0.015449762344360352,0.12967920303344727,0.1430187225341797,0.013339519500732422,0.10984539985656738,0.131378173828125,0.021532773971557617,0.09663271903991699,0.2589099407196045,0.1622772216796875,0.09439563751220703,0.20716333389282227,0.11276769638061523,0.10326814651489258
s060,1,4,0.11202096939086914,0.2449026107788086,0.13288164138793945,0.11155891418457031,0.11255097389221191,0.0009920597076416016,0.09631204605102539,0.1231985092163086,0.026886463165283203,0.11037993431091309,0.4273960590362549,0.3170161247253418,0.09202289581298828,0.30078601837158203,0.20876312255859375,0.17306280136108398,0.18477654457092285,0.011713743209838867,0.1084892749786377,0.12455272674560547,0.016063451766967773,0.14551830291748047,0.14551830291748047,0.0,0.10194063186645508,0.20521903038024902,0.10327839851379395,0.09196710586547852,0.21753621101379395,0.12556910514831543,0.1412053108215332
s060,1,5,0.14830684661865234,0.2826213836669922,0.13431453704833984,0.11272740364074707,0.14004135131835938,0.027313947677612305,0.11776590347290039,0.18010616302490234,0.06234025955200195,0.1313929557800293,0.27442240715026855,0.14302945137023926,0.10489773750305176,0.27741312980651855,0.1725153923034668,0.19886279106140137,0.19886279106140137,0.0,0.11771726608276367,0.11771726608276367,0.12586307525634766,0.12572383880615234,0.11757802963256836,0.14342069625854492,0.10047507286071777,0.1484980583190918,0.04802298545837402,0.10548973083496094,0.21402931213378906,0.10853958129882812,0.10529398918151855
s060,1,6,0.12323975563049316,0.2279369831085205,0.10469722747802734,0.10411381721496582,0.20881104469299316,0.11225175857543945,0.11643481254577637,0.12448239326477051,0.00804758071899414,0.09660458564758301,0.5004818439483643,0.40387725830078125,0.09609675407409668,0.32332539558410645,0.22722864151000977,0.19968438148498535,0.21587371826171875,0.0161893367767334,0.11194252967834473,0.14367222785949707,0.031729698181152344,0.1045529842376709,0.12138581275939941,0.016832828521728516,0.07550549507141113,0.4353458881378174,0.35984039306640625,0.10386013984680176,0.23794293403625488,0.13408279418945312,0.10845661163330078
s060,1,7,0.12643218040466309,0.25305962562561035,0.12662744522094727,0.09038233757019043,0.2170097827911377,0.10293436050415039,0.08999991416931152,0.12008953094482422,0.030089616775512695,0.10096335411071777,0.682844877243042,0.5818815231323242,0.10857844352722168,0.3609902858734131,0.2524118423461914,0.19498395919799805,0.20562410354614258,0.010640144348144531,0.07911539077758789,0.13041400909423828,0.05129861831665039,0.11496090888977051,0.1662595272064209,0.1284492015838623,0.0998377799987793,0.1518418788909912,0.052004098892211914,0.09660744667053223,0.16872692108154297,0.07211947441101074,0.12868976593017578
s060,1,8,0.10750794410705566,0.48900461196899414,0.3814966678619385,0.07660198211669922,0.4580986499786377,0.09059762954711914,0.1195225715637207,0.12049746513366699,0.0009748935699462891,0.11192131042480469,0.23337793350219727,0.12145662307739258,0.09000349044799805,0.3040027618408203,0.21399927139282227,0.1802351474761963,0.22330641746520996,0.04307126998901367,0.08596968650817871,0.12904095649719238,0.11206197738647461,0.10063600540161133,0.1625988483428955,0.06196284294128418,0.09060835838317871,0.10891914367675781,0.0183107852935791,0.10966157913208008,0.26041316986083984,0.15075159072875977,0.14875316619873047
s060,1,9,0.11658835411071777,0.2339475154876709,0.11735916137695312,0.11493730545043945,0.12273430824279785,0.0077970027923583984,0.09019780158996582,0.15073537826538086,0.06053757667541504,0.07031106948852539,0.7561967372894287,0.6858856678009033,0.1015934944152832,0.37709760665893555,0.27550411224365234,0.196763277053833,0.21569013595581055,0.01892685890197754,0.09143614768981934,0.09359335899353027,0.0021572113037109375,0.13615012168884277,0.15607833862304688,0.0199282169342041,0.06625747680664062,0.40518999099731445,0.33893251419067383,0.10529136657714844,0.2591102123260498,0.15381884574890137,0.07965326309204102
